ID,Sprint,Quyết định,Phương án chọn,Vì sao chọn,Vì sao không chọn phương án khác,Cách kiểm chứng / Success criterion,Task / Artifact liên quan,Trạng Thái
D01,S1,Estimand,Assignment/ITT CATE,Treatment assignment là biến randomized và phù hợp câu hỏi targeting,Không dùng actual exposure vì là post-assignment và dễ tạo selection bias,Causal contract + forbidden-column tests,docs/01_causal_contract.md,Đã khóa
D02,S1,Outcome,conversion chính; visit phụ,Conversion gần business value; visit có rate cao hơn để robustness,Không dùng visit làm feature; không thay conversion primary sau khi xem kết quả,"Y binary, counts by arm, secondary-outcome protocol",docs/01_causal_contract.md; docs/02_data_contract.md,Đã khóa
D03,S1,Prediction target,CATE/uplift ranking,Mục tiêu là incremental response dưới treatment,Không dùng class label/probability như surrogate cho treatment effect,Qini/AUUC/uplift@K above random,docs/01_causal_contract.md; docs/07_metric_specification.md,Đã khóa
D04,S1/S2,RCT checks,Explicit audit,"Kiểm tra đúng file/split/code, không dựa vào mô tả paper",Không mặc định randomization loại bỏ mọi validation,ATE/SMD/X→T/local support tests,docs/03_assumption_and_audit_spec.md; artifacts/causal_audit.json,Đã khóa
D05,S1/S2,Feature set,f0–f11,Các covariates pre-treatment được release cho modeling,Không dùng exposure/visit/T/Y trong X,Feature guard negative tests,docs/02_data_contract.md; tests/test_data_contract.py,Đã khóa
D06,S1/S2,Split,Frozen source-row train/val/test,Ngăn cùng observation vật lý xuất hiện ở nhiều split,Không dùng random resplit sau khi xem kết quả,source-row intersection=0; reproducible hashes,docs/06_experiment_protocol.md; artifacts/split_manifest.json,Đã khóa
D07,S1/S3,Duplicate policy,Giữ all rows primary,Bảo toàn released benchmark population và empirical weights,Không dedup primary vì thay target population,Dedup/grouped-profile sensitivity,docs/04_duplicate_profile_protocol.md; artifacts/duplicate_audit.json,Đã khóa
D08,S1/S3,Profile overlap,Audit + sensitivity,Cùng f-profile giữa train/test có thể làm evaluation dễ hơn,Không gọi là hard row leakage khi source IDs khác,Seen/unseen + grouped split,docs/04_duplicate_profile_protocol.md; artifacts/profile_overlap_audit.json,Đã khóa
D09,S1/S2,Numeric precision,float64 primary,Bảo toàn released values và duplicate structure,Không mặc định float32 vì có thể tạo thêm collisions,Float64/float32 collision and metric comparison,docs/02_data_contract.md; artifacts/precision_sensitivity.json,Tạm thời
D10,S1,Research framing,Comparative uplift/CATE evaluation,"Bốn paper bổ sung dataset, meta-learners, forest và DR",Không lấy CF paper làm toàn bộ chủ đề,Research questions cover T/X/CF/DR,docs/05_methodology_scope.md; literature_review_matrix.md,Đã khóa
D11,S1/S2,Random baseline,Theoretical random + permutation illustration,Reference ổn định không phụ thuộc seed,Không dùng một random ordering làm baseline chính,Manual formula + permutation mean,docs/07_metric_specification.md; tests/test_metrics.py,Đã khóa
D12,S1/S2,Response baseline,LightGBM classifier,Business baseline để tách response targeting khỏi uplift targeting,Không coi AUC cao là causal performance,AUC/AP/logloss diagnostic + Qini final,artifacts/response_predictions.parquet,Đã khóa
D13,S1/S2,T-Learner,Two LightGBM outcome models,"Causal baseline đơn giản, tái sử dụng μ0/μ1",Không dùng single outcome model nếu mục tiêu là T baseline,Manual τ sign + shared evaluation,artifacts/t_learner_predictions.parquet,Đã khóa
D14,S1/S2,X-Learner,Cross-fitted LightGBM,Có thể khai thác arm imbalance và cấu trúc CATE,Không train pseudo-effect classifiers; targets continuous/signed,OOF leakage/sign tests + full metrics,docs/05_methodology_scope.md; artifacts/x_learner_predictions.parquet,Đã khóa
D15,S1/S2,Causal Forest,Implementation selected by ADR,Bổ sung direct heterogeneity/forest family và inference diagnostics,Không tuyên bố exact Wager–Athey nếu library khác,Synthetic/honesty/support/SE tests,docs/adr/ADR-CF-implementation.md; artifacts/cf_predictions.parquet,Tạm thời
D16,S1/S2,DR-Learner,Stretch comparator: cross-fitted DR pseudo-outcome + regression,Bổ sung orthogonalized/doubly robust estimator family sau khi core pipeline ổn định,Không để DR chưa hoàn thành làm hỏng must-have benchmark; không claim oracle guarantees tự động cho LightGBM,"Hand formula, OOF coverage/leakage, extreme-φ audit; chỉ promotion khi resource và correctness gates đạt",docs/05_methodology_scope.md; artifacts/dr_learner_predictions.parquet,Mở rộng
D17,S1/S2,Base learner,LightGBM for outcome/effect stages,"14M rows, 12 numeric features, nonlinearities, fast columnar training",Logistic regression quá hạn chế; RF/deep nets tăng resource/tuning cost,Scale/runtime + validation + stability,docs/adr/ADR-base-learner.md,"Đã khóa (base-learner choice không đổi; mô tả '12 numeric features' được tu chỉnh bởi D32 -- physical float64 storage của 12 cột không suy ra continuous/ordinal semantics cho cả 12; xem D32 cho 4 continuous + 8 categorical, LightGBM native-categorical representation)"
D18,S1/S2,Objectives,Binary for Y/e(X); regression for pseudo-effects,Target type quyết định loss,Không dùng binary objective cho negative/continuous pseudo-outcome,Objective assertions + synthetic tests,configs/model/*.yaml; tests/test_objectives.py,Đã khóa
D19,S1/S2,Storage,Parquet,"Columnar, typed, efficient scan/batching",CSV chậm/lớn; DB server không cần cho static single-user data,Row count/dtype/hash equality,docs/02_data_contract.md; artifacts/data_manifest.json,Đã khóa
D20,S1/S2,Data tools,Pandas + PyArrow mặc định; Polars/DuckDB theo benchmark,Giảm complexity ban đầu nhưng vẫn có fallback cho full scans/query khi RAM/runtime không đạt,Không khóa Polars/DuckDB làm mặc định hoặc thêm Spark/DB server khi chưa có bottleneck/distributed need,"Benchmark applicable task-declared SMOKE/RESOURCE workload(s): row alignment, dtype/schema, stable identity, runtime và peak RAM trước khi fallback data-tool được promote (tiêu chí kiểm chứng amended by D30; quyết định Pandas/PyArrow mặc định/fallback không đổi)",docs/adr/ADR-data-stack.md; artifacts/io_benchmark.json,Tạm thời
D21,S1/S2,Experiment tracking,Configs + immutable run manifests,"Đủ tái lập, ít overhead",MLflow chỉ optional; không dựng platform quá mức,One-command rerun + artifact hashes,docs/06_experiment_protocol.md; artifacts/run_manifest.json,Đã khóa
D22,S1/S2,Cross-language CF,Deferred; chỉ dùng nếu CF ADR chứng minh cần thiết,R bridge có thể cần cho honesty/inference nhưng chỉ đáng dùng khi benefit vượt integration cost,Không thêm cross-language boundary trước khi Python options được đánh giá và row alignment được bảo đảm,"Task-declared SMOKE benchmark; applicable D30 RESOURCE gate(s) nếu bridge được kích hoạt; có fallback Python implementation (tiêu chí kiểm chứng amended by D30; DEFERRED status và Python-first/cross-language fallback semantics không đổi)",docs/adr/ADR-CF-bridge.md; artifacts/cf_bridge_report.json,Trì hoãn
D23,S1/S2,Scale gates,50K→500K→2M→full,Giảm rủi ro correctness/resource trước full run,Không nhảy thẳng 14M hoặc dùng 50K chọn final model,Promotion criteria at every gate,docs/06_experiment_protocol.md; artifacts/scale_reports/,Superseded by D30 (2026-08-18)
D24,S1/S3,Primary metric,Qini above theoretical random,Đo cumulative incremental gain của ranking so với random,Không dùng accuracy vì không đo causal incrementality và bị imbalance chi phối,Hand fixture + CI + support,docs/07_metric_specification.md; artifacts/final_metrics.csv,Đã khóa
D25,S1/S3,Secondary curve metric,AUUC/raw Qini,Bổ sung toàn-curve comparison,Không dùng một top-K duy nhất làm kết luận toàn bộ,Consistency with Qini/top-K,docs/07_metric_specification.md; artifacts/final_metrics.csv,Đã khóa
D26,S1/S3,Decision metrics,Uplift@K + incremental conversions,Trực tiếp gắn với targeting budget và business value,Không chỉ báo coefficient trừu tượng,Top-K support + CIs,docs/07_metric_specification.md; artifacts/uplift_at_k.csv,Đã khóa
D27,S1/S3,Outcome model metrics,AUC/AP/log loss diagnostic only,"Đánh giá μ-model quality, không đánh giá treatment effect",Không dùng accuracy hoặc AUC làm winner causal,Separated tables/interpretation,docs/07_metric_specification.md; artifacts/nuisance_metrics.csv,Đã khóa
D28,S1/S3,No PEHE on real data,Do not report,Không có true ITE/CATE labels trên real RCT sample,Không tạo synthetic ground truth ngầm cho real benchmark,Report only on synthetic tests if created,docs/07_metric_specification.md; tests/synthetic/,Đã khóa
D29,S1/S3,Uncertainty,Paired bootstrap + training seeds,Tách test-sample uncertainty và algorithm randomness,Không bootstrap models độc lập hoặc cherry-pick seed,Paired unit test; 3-seed table,docs/06_experiment_protocol.md; artifacts/bootstrap_and_seed.csv,"Tạm thời; AMENDED_BY_D33 (2026-08-24): 500-draw paired treatment-arm-stratified bootstrap vẫn bắt buộc, không đổi; robustness seeds 123/2026 và bảng 3-seed trở thành supporting/non-blocking evidence -- không phải precondition cho bất kỳ P0 task nào, không được chọn seed thuận lợi; D31 (Causal Forest one-shot seed exception) không bị D33 thay thế hay ảnh hưởng"
D30,S2,Scale-gating policy,SMOKE -> [RESOURCE GATE(S) if required] -> FULL (task-declared; sizes are task-local config values frozen before execution),"Thay D23 cố định 50K/500K/2M/full bằng chính sách theo từng estimator: SMOKE luôn bắt buộc (đúng đắn/leakage/feature-contract/row-alignment/serialization-reload/artifact-mechanics/runtime cơ bản, không hỗ trợ kết luận performance hay chọn model/config/seed); số lượng RESOURCE gate (0, 1, hoặc nhiều) được khai báo trước theo rủi ro tài nguyên thực tế của estimator/execution path, không phải một số cố định cho mọi task; FULL là lần chạy development có thẩm quyền trên toàn bộ dân số development đã đóng băng",D23 áp cùng một chi phí 4-rung cố định (50K/500K/2M/full) lên mọi estimator bất kể độ phức tạp/rủi ro tài nguyên thực tế -- không phản ánh rằng pipeline dữ liệu T01 và các estimator mô hình hoá Sprint 2 (vd. Causal Forest so với Response LightGBM) có đặc tính tài nguyên rất khác nhau,Không loại bỏ hoàn toàn scale-gating (SMOKE vẫn bắt buộc; RESOURCE gate(s) vẫn khả dụng khi cần) để không mất kiểm chứng đúng đắn/tài nguyên trước FULL; không áp dụng hồi tố lên T01-T06 đã hoàn thành và được chấp nhận dưới D23,"Mỗi task ghi số lượng và lý do yêu cầu/miễn RESOURCE gate(s) trong config trước khi chạy FULL; SMOKE/RESOURCE không được truy cập held-out, không được dùng để chọn model/config/seed theo metric thuận lợi; kích thước SMOKE/RESOURCE là giá trị tái lập được khai báo per-task, không phải hằng số toàn dự án",docs/06_experiment_protocol.md; docs/05_methodology_scope.md; docs/adr/ADR-experiment-artifacts.md; docs/adr/ADR-base-learner.md; docs/adr/ADR-CF-implementation.md; docs/adr/ADR-CF-bridge.md; docs/adr/ADR-data-stack.md,Đã khóa
D31,S2,Causal Forest one-shot compute policy,"Đúng MỘT lần fit FULL-scale Causal Forest xuyên suốt đến T18: T11 fit train-only (seed 42, toàn bộ TRAIN đóng băng 9,785,714 dòng); seed robustness (42/123/2026) chạy trên tập con TRAIN 500,000 dòng cố định, joint-(T,Y)-stratified, seed lấy mẫu 42, cùng cấu hình (chỉ random_state đổi), chấm điểm trên toàn bộ VALIDATION đóng băng; Causal Forest được miễn refit train+validation ở Stage 4 -- model T11 seed-42 train-only được đóng băng trực tiếp làm CF artifact cho T16/T17","Ràng buộc tài nguyên/tính toán one-shot đã khai báo trước dưới deadline; không phải lựa chọn theo hiệu năng validation hay thông tin held-out. Run t10_resource_20260819T093301Z_574711 (2,000,000 dòng) giữ nguyên làm bằng chứng correctness/resource của T10, không dùng thay cho seed 42 trong bảng seed-robustness vì chưa serialize model và chưa có validation-prediction artifact tương ứng để so sánh công bằng với seed 123/2026","Ba lần fit FULL-scale (9.79M dòng) cho seed 123/2026, và một lần refit FULL-scale train+validation ở Stage 4, không khả thi trong ràng buộc one-shot; hoãn vô thời hạn bị bác bỏ vì sẽ khiến seed gate và Stage 4 không bao giờ được thỏa mãn, chặn Causal Forest khỏi T16/T17 vĩnh viễn; 2,000,000 dòng bị bác bỏ cho seed-robustness vì 500,000 dòng đã đủ mạnh cho outcome hiếm (so với 50K SMOKE chỉ có 15 control conversions) trong khi vẫn giữ chi phí tính toán bị chặn rõ ràng hơn","Ba seed (42/123/2026) báo cáo ở cùng quy mô 500,000 dòng, cùng config/hash trừ random_state; không seed nào được chọn theo outcome; config/hash/environment của lần fit FULL-scale duy nhất (T11) được đóng băng và tái sử dụng không đổi ở T16; T17 chỉ chấm điểm model đã đóng băng đó trên held-out; một khiếm khuyết phần mềm/phương pháp luận thực sự được chứng minh trước khi truy cập held-out là lý do duy nhất được quản trị để lặp lại việc huấn luyện -- hiệu năng model kém không phải là khiếm khuyết","docs/06_experiment_protocol.md (Stage 4 mục 5); docs/adr/ADR-CF-implementation.md (seed gate); configs/t10_causal_forest.json; outputs/runs/t10_resource_20260819T093301Z_574711 (retained T10 evidence, not reused as seed-robustness data)",Đã khóa
D32,S2,Publisher-defined feature semantics (continuous vs categorical),"4 continuous: f0/f2/f7/f10; 8 categorical: f1/f3/f4/f5/f6/f8/f9/f11. Physical storage dtype (float64 cho cả 12 cột) tách biệt khỏi semantic type -- categorical token không có ordinal interpretation. LightGBM dùng native categorical representation cho nhóm categorical, continuous giữ nguyên numeric. Causal Forest (econml.grf) không có native categorical support tương đương LightGBM; representation cụ thể cho Causal Forest là quyết định/ADR riêng, CHƯA chọn tại D32 -- fail closed cho tới khi có ADR.","Publisher/paper CRITEO-UPLIFTv2.1 (Table 2) và official benchmark implementation (cat_features = f1,f3,f4,f5,f6,f8,f9,f11) định nghĩa rõ ràng 4 liên tục/8 phân loại; D17 chỉ khóa lựa chọn base-learner (LightGBM) và đúng ở số lượng 12 cột, không đúng ở đặc tả ngữ nghĩa -- coi cả 12 cột là continuous/numeric đồng nhất là sai và đã tạo lỗi lan truyền qua preprocessing/audit/LightGBM/Causal Forest.","Không suy luận categorical/continuous từ cardinality quan sát được; không coi categorical numeric token là có thứ tự (ordinal) hay dùng trực tiếp trong SMD/mean/variance; không tự ý chọn encoding cho Causal Forest (one-hot/ordinal/hashing/target encoding) khi chưa có ADR -- xem đây là OPEN_DECISION/blocker, không phải quyết định ngầm định của D32; không đổi estimand, split, hay công thức T-Learner/X-Learner/metric.","Semantic feature-contract test: CONTINUOUS_FEATURES và CATEGORICAL_FEATURES không giao nhau và hợp bằng đúng FEATURE_COLUMNS (f0..f11, đúng thứ tự) -- tests/test_data.py; preprocessing v2 test: continuous giữ float64, categorical dùng categorical semantics học từ TRAIN ONLY -- tests/test_preprocessing.py; LightGBM test: categorical_feature được khai báo đúng, raw categorical-as-float bị reject -- tests/test_lightgbm_baseline.py; audit test: smd_feature_record() chỉ nhận continuous, categorical dùng TVD-style diagnostic riêng, không gộp max() giữa SMD và TVD -- tests/test_audit.py; Causal Forest test: raw f0-f11 bị reject cho tới khi có representation ADR -- tests/test_causal_forest_baseline.py.","docs/02_data_contract.md; docs/03_assumption_and_audit_spec.md; docs/05_methodology_scope.md; docs/06_experiment_protocol.md; docs/adr/ADR-base-learner.md; docs/adr/ADR-CF-implementation.md; src/data.py; src/preprocessing.py; src/audit.py; src/lightgbm_baseline.py; src/causal_forest_baseline.py; tests/test_data.py; tests/test_preprocessing.py; tests/test_lightgbm_baseline.py; tests/test_audit.py; tests/test_causal_forest_baseline.py (implementation completed by the implementation agent per this decision; feature-contract fail-closed invariants and 263 passed/6 skipped confirmed)","Đã khóa (feature contract); CausalForest representation encoding: BLOCKED_PENDING_MIXED_TYPE_SPEC -- RESOLVED_BY_D34 (2026-08-24): frequency-capped one-hot representation selected; RESOURCE gate pending before FULL"
D33,S2,Assignment evidence and diagnostic-scope simplification,"Randomization evidence comes primarily from the documented publisher/experimental assignment mechanism, not from observed balance; ED-03 (continuous SMD) and ED-03b (categorical proportions/TVD) are required descriptive diagnostics but are explicitly NON-BLOCKING and not P0 causal-validity or correctness gates: they are reported as INFO, with no mandatory null-calibrated action threshold, and an unusual SMD/TVD may trigger investigation but must NOT automatically block modeling, freeze, or held-out evaluation. Only genuine arm/support requirements (ED-05) remain P0 gates. The 2,000-draw randomization-calibration protocol (design-null permutations, p95/p99 thresholds, Monte Carlo intervals) is REMOVED from P0/T16: it is an optional/P1 internal diagnostic, never a precondition for T16 pre-test freeze. X->T treatment predictability becomes an OPTIONAL internal sanity diagnostic -- not proof of randomization, not a P0 gate, not required before T16 or for model training/final evaluation. Basic treatment/control arm support required by an estimator (zero-support failure) remains a mandatory HARD_GATE; large propensity-diagnostic suites, sparse-mass calibration, and fixed propensity bands are OPTIONAL unless a concrete modeling problem requires them. D29 is AMENDED_BY_D33: the 500-draw paired treatment-arm-stratified bootstrap remains mandatory and unchanged; robustness seeds 123/2026 and the 3-seed table become supporting, non-blocking evidence (primary seed 42 unchanged, favorable seed never cherry-picked); D31's Causal Forest one-shot seed exception is unaffected and not superseded. Decile/segment-analysis tables and figures (T14) are OPTIONAL/P1 for every estimator, never a required acceptance artifact.","Chủ dự án đã xem lại mục tiêu khoa học: đây là một controlled empirical benchmark so sánh các estimator đã chọn trên một protocol cố định, KHÔNG phải một chứng minh randomization hay một pipeline tối đa hoá rigor. D04/ASL-01 vẫn giữ nguyên: publisher/experimental design documentation là bằng chứng randomization chính; observed balance chỉ là sanity-diagnostic bổ trợ, không phải bằng chứng nhân quả và trước đây bị áp calibration nặng một cách không cần thiết cho một benchmark có phạm vi này.","Không loại bỏ hoàn toàn balance/overlap diagnostics -- descriptive SMD/TVD và basic arm-support STOP-gate vẫn bắt buộc vì thiếu chúng sẽ che giấu lỗi correctness thật sự; không hạ Causal Forest, T-Learner/X-Learner formula, leakage control, hay held-out isolation xuống -- D33 chỉ cắt bỏ governance/calibration overhead không đổi kết luận khoa học cốt lõi; không xoá lịch sử -- T03-C protocol vẫn giữ trong docs/03 dưới dạng optional/historical, được đánh dấu SUPERSEDED_BY_D33 thay vì bị xoá.","Descriptive-only balance tests (đã có từ D32: SMD rejects categorical, TVD/category-distribution diagnostic, no joint max() threshold); freeze-checklist test/inspection: docs/06 Stage 5 không còn yêu cầu calibration-artifact hash để khoá pre-test freeze; X->T diagnostic test vẫn tồn tại nhưng không gate; seed-robustness reporting test không còn là blocking condition cho X-Learner shortlist; decile-artifact absence không chặn estimator acceptance.","docs/03_assumption_and_audit_spec.md; docs/05_methodology_scope.md; docs/06_experiment_protocol.md; docs/00_project_overview.md; AGENTS.md; docs/adr/ADR-experiment-artifacts.md; docs/agent_tasks/github_issue_reconciliation_drafts.md",Đã khóa
D34,S2,Causal Forest categorical representation (giải quyết blocker D32),"Frequency-capped one-hot: với mỗi feature phân loại (f1/f3/f4/f5/f6/f8/f9/f11), giữ lại top-K category có tần suất cao nhất học được từ TRAIN, gộp mọi category còn lại (kể cả category chưa từng thấy) vào một mức OTHER tường minh, rồi one-hot hoá; continuous (f0/f2/f7/f10) giữ nguyên numeric. K được chọn theo một resource ladder định trước 32 -> 16 -> 8, chọn K lớn nhất vượt qua ngưỡng memory/runtime an toàn; không so sánh Qini/AUUC/uplift giữa các K để chọn K. Nếu K=8 vẫn không khả thi ở FULL scale (~9.79M dòng TRAIN), dừng lại để owner xem xét phạm vi thay vì tự ý chọn encoding khác.","Giải quyết blocker BLOCKED_PENDING_MIXED_TYPE_SPEC của D32/ADR-CF-implementation cho econml.grf.CausalForest (không có native categorical support); one-hot của top-K/OTHER giữ ngữ nghĩa nominal, không tạo ordinal artifact; vocabulary chỉ là hàm của TRAIN X (không dùng Y/T), fit một lần và đóng băng, cùng kỷ luật train-only-fit-then-freeze đã được chấp nhận cho LightGBMFeatureTransform; kích thước sau biến đổi (8*(K+1)+4) được khai báo trước và bị chặn hoàn toàn bởi K, nên có thể kiểm chứng bằng RESOURCE gate trước khi cam kết FULL fit one-shot theo D31; K chỉ được chọn theo khả thi tài nguyên, không theo hiệu năng model.","Ordinal/raw-token-as-numeric bị bác bỏ (đây chính là lỗi D32 đã sửa, category token không có thứ tự). One-hot không giới hạn (~8,122 chiều theo cardinality thực đo tại outputs/runs/t02_eda_20260814T070842Z_712619) bị bác bỏ vì bất khả thi (~636GB float64 dense tại 9,785,714 dòng TRAIN; fit_causal_forest()/predict_tau() hiện tại ép dense qua .to_numpy()/np.asarray() nên sparse không cứu được nếu không sửa code, việc này nằm ngoài phạm vi quyết định này). Target/effect encoding bị bác bỏ vì đưa Y (và gián tiếp T) vào chính ma trận X mà CausalForest dùng để đặt split/ước lượng theta(x)/beta(x) -- rủi ro leakage/circularity không thể kiểm soát an toàn khi cơ chế honest-split nội bộ của econml.grf.CausalForest không lộ ra cho caller. Fixed-width hashing (feature hashing + one-hot-of-bucket) được giữ lại làm phương án nghiên cứu dự phòng đã ghi nhận, không phải phương án chính, do rủi ro va chạm (collision) chưa định lượng trên f6/f8 (hai feature phân loại phân tán nhất, top-category share ~26.5% và ~52.2%).","RESOURCE benchmark định trước, chạy trước D31 one-shot FULL fit, ghi lại: kích thước sau biến đổi; category coverage / khối lượng OTHER trên mỗi feature; peak memory; wall-clock; đúng đắn predict/reload; không truy cập held-out. Benchmark chỉ quyết định khả thi, không dùng để chọn model/K theo hiệu năng. Correctness/leakage test: vocabulary fit trên TRAIN-only và tái sử dụng không đổi trên validation/held-out; unseen category map về OTHER một cách xác định; khung categorical token thô vẫn fail-closed (không đổi hành vi _reject_raw_categorical_columns()).","docs/adr/ADR-CF-implementation.md; configs/t10_causal_forest.json (K-ladder + resource gate config, chưa viết); outputs/runs/<resource_gate_run_id> (chưa chạy); src/causal_forest_baseline.py (encoder chưa implement)","Đã khóa (lựa chọn representation); RESOURCE benchmark: PENDING (chưa chạy)"
